<?xml version="1.0" encoding="utf-8"?>
<rss version="2.0" xmlns:dc="http://purl.org/dc/elements/1.1/" xmlns:sparkle="http://www.andymatuschak.org/xml-namespaces/sparkle">
	<channel>
		<title>AVRFuses Changelog</title>
		<link>http://www.vonnieda.org/AVRFUses/appcast.xml</link>
		<description>Changes and updates for AVRFuses by Jason von Nieda</description>
		<language>en</language>
		<item>
			<title>Version 1.4.8</title>
			<pubDate>Sun, 09 Feb 2014 18:43:00 -0700</pubDate>
			<description>
				<![CDATA[
				    <li>Fixes a bug where enumerated values would not have a full description shown. Thanks Luke!
                    <li>Fixes a bug where enumerated values with high masks would sometimes have the wrong value.
                    <li>Makes the window wider by default to account for longer value names.
				]]>
			</description>
            
			<enclosure
            url="http://www.vonnieda.org/AVRFuses/AVRFuses_1.4.8.zip"
            sparkle:version="1.4.8"
            type="application/octet-stream"
            length="962229"
            sparkle:dsaSignature="MCwCFA8vIFqJ7VRfmT9WneI8HH+X2U6cAhQk4/6CDTyYCKaQndusgQ0FxNjaqw=="
			/>
		</item>
		<item>
			<title>Version 1.4.7</title>
			<pubDate>Sat, 07 Apr 2013 20:45:51 -0700</pubDate>
			<description>
				<![CDATA[
				    <li>Note: This replaces 1.4.6 from one day ago which had several horrible bugs.
                    <li>The first new release is almost four years! Thanks for all the feedback, and keep it coming!
					<li>Integrated new part information.
					<li>Added text fields showing current fuse values and which allow you to type in a fuse value to have it loaded into the checkboxes.
					<li>Added bit clock option, needed when programming slower devices with some programmers.
				]]>
			</description>
            
			<enclosure
            url="http://www.vonnieda.org/AVRFuses/AVRFuses_1.4.7.zip"
            sparkle:version="1.4.7"
            type="application/octet-stream"
            length="964520"
            sparkle:dsaSignature="MC0CFQCmsxti2/Eh5hX8xftXgnFJbnqdpwIUXaVHoqy4eZCAicvF297Kuh+s6lE="
			/>
		</item>
		<item>
			<title>Version 1.4.4</title>
			<pubDate>Thu, 23 Apr 2009 20:26:51 -0700</pubDate>
			<description>
				<![CDATA[
					<li>Added avrdude command line logging to log window at the request of several users. This is configurable via the Preferences.
					<li>Integrated new part information.
					<li>Added some coloration to different log messages to help differentiate what is happening.
					<li>Added .eep to the list of acceptable file types for EEPROM read/write/verify.
					<li>Upgraded Sparkle framework to current version.
				]]>
			</description>

			<enclosure
				url="http://www.vonnieda.org/AVRFuses/AVRFuses_1.4.4.zip"
				sparkle:version="1.4.4"
				type="application/octet-stream"
				length="1755506"
				sparkle:dsaSignature="MC0CFQDBnJj2NepU5LUk9HNIMZa+85i8sQIUW6qBdU6nwtTLpiwlrWbhtTfDdng="
			/>
		</item>
		<item>
			<title>Version 1.4</title>
			<description>
				<![CDATA[
					<li>Fixed issue with checking for updates on startup not being disableable.
					<li>Made window resizable.
					<li>Cleaned up avrdude argument building code.
					<li>Made port optional; required for some programmers.
					<li>Made port a drop down containing common ports found on the system for easier selection.
					<li>Added setting for baud rate; used for serial based programmers.
					<li>Started work on Lock Bits editor but decided to hold it for 1.5. This release needed to get out now. Lock Bits removed for now.
				]]>
			</description>
			<pubDate>Thu, 6 Mar 2008 00:01:00 +0000</pubDate>
			<enclosure url="http://www.vonnieda.org/download.jsp?name=http://www.vonnieda.org/AVRFuses/AVRFuses_1.4.zip" length="1091604" type="application/octet-stream"/>
		</item>
		<item>
			<title>Version 1.3</title>
			<description>
				<![CDATA[
					<li>Added avrdude error logging to log window on operation failures.
					<li>Added support for automatic updates using Sparkle.
				]]>
			</description>
			<pubDate>Tue, 18 Dec 2007 00:01:00 +0000</pubDate>
			<enclosure url="http://www.vonnieda.org/download.jsp?name=http://www.vonnieda.org/AVRFuses/AVRFuses_1.3.zip" length="2114855" type="application/octet-stream"/>
		</item>
		<item>
			<title>Version 1.2</title>
			<description>
				<![CDATA[
					<li>Test release to check Sparkle support.
				]]>
			</description>
			<pubDate>Mon, 17 Dec 2007 00:01:00 +0000</pubDate>
			<enclosure url="http://www.vonnieda.org/download.jsp?name=http://www.vonnieda.org/AVRFuses/AVRFuses_1.2.zip" length="2114849" type="application/octet-stream"/>
		</item>
	</channel>
</rss>
