<?xml version="1.0" encoding="utf-8"?>
<rss version="2.0" xmlns:dc="http://purl.org/dc/elements/1.1/" xmlns:sparkle="http://www.andymatuschak.org/xml-namespaces/sparkle">
	<channel>
		<title>AVRFuses Changelog</title>
		<link>http://www.vonnieda.org/AVRFUses/appcast.xml</link>
		<description>Changes and updates for AVRFuses by Jason von Nieda</description>
		<language>en</language>
		<item>
			<title>Version 1.4</title>
			<description>
				<![CDATA[
					<li>Fixed issue with checking for updates on startup not being disableable.
					<li>Made window resizable.
					<li>Cleaned up avrdude argument building code.
					<li>Made port optional; required for some programmers.
					<li>Made port a drop down containing common ports found on the system for easier selection.
					<li>Added setting for baud rate; used for serial based programmers.
					<li>Started work on Lock Bits editor but decided to hold it for 1.5. This release needed to get out now. Lock Bits removed for now.
				]]>
			</description>
			<pubDate>Tue, 18 Dec 2007 00:01:00 +0000</pubDate>
			<enclosure url="http://www.vonnieda.org/download.jsp?name=http://www.vonnieda.org/AVRFuses/AVRFuses_1.3.zip" length="2114855" type="application/octet-stream"/>
		</item>
		<item>
			<title>Version 1.3</title>
			<description>
				<![CDATA[
					<li>Added avrdude error logging to log window on operation failures.
					<li>Added support for automatic updates using Sparkle.
				]]>
			</description>
			<pubDate>Tue, 18 Dec 2007 00:01:00 +0000</pubDate>
			<enclosure url="http://www.vonnieda.org/download.jsp?name=http://www.vonnieda.org/AVRFuses/AVRFuses_1.3.zip" length="2114855" type="application/octet-stream"/>
		</item>
		<item>
			<title>Version 1.2</title>
			<description>
				<![CDATA[
					<li>Test release to check Sparkle support.
				]]>
			</description>
			<pubDate>Mon, 17 Dec 2007 00:01:00 +0000</pubDate>
			<enclosure url="http://www.vonnieda.org/download.jsp?name=http://www.vonnieda.org/AVRFuses/AVRFuses_1.2.zip" length="2114849" type="application/octet-stream"/>
		</item>
	</channel>
</rss>